id,brand,name,complete,protein,fat,fiber,ash,moisture,carb,omega3,phosphorus,kcal,proteinSources,singleSource,grainFree,pulses,prescription,lifeStage,bodySize,reportsTotal,reportsPalatability,reportsLooseStool,unit,checkedAt,dealbreaker,discontinued,referenceOnly,awaitingLink,searchAs,twSource,knownIssues,m1Label,m1Unit,m1Amount,m1Note,m1Url,m1Dead,m2Label,m2Unit,m2Amount,m2Note,m2Url,m2Dead,m3Label,m3Unit,m3Amount,m3Note,m3Url,m3Dead,m4Label,m4Unit,m4Amount,m4Note,m4Url,m4Dead,m1Checked,m2Checked,m3Checked,m4Checked,m5Label,m5Unit,m5Amount,m5Note,m5Url,m5Dead,m5Checked,m6Label,m6Unit,m6Amount,m6Note,m6Url,m6Dead,m6Checked,m7Label,m7Unit,m7Amount,m7Note,m7Url,m7Dead,m7Checked,m8Label,m8Unit,m8Amount,m8Note,m8Url,m8Dead,m8Checked,m9Label,m9Unit,m9Amount,m9Note,m9Url,m9Dead,m9Checked,m10Label,m10Unit,m10Amount,m10Note,m10Url,m10Dead,m10Checked,m11Label,m11Unit,m11Amount,m11Note,m11Url,m11Dead,m11Checked,m12Label,m12Unit,m12Amount,m12Note,m12Url,m12Dead,m12Checked,m13Label,m13Unit,m13Amount,m13Note,m13Url,m13Dead,m13Checked,m14Label,m14Unit,m14Amount,m14Note,m14Url,m14Dead,m14Checked,m15Label,m15Unit,m15Amount,m15Note,m15Url,m15Dead,m15Checked,m16Label,m16Unit,m16Amount,m16Note,m16Url,m16Dead,m16Checked,huntNote
dw-01,怪獸部落,犬1肉主食罐 鴨肉,Y,16.2,8.2,0.3,2,71.6,2,0.1,0.34,1320,duck,Y,Y,none,N,puppy|adult,small|medium|large,0,0,0,82g,2026-09-27,你的狗對鴨過敏。整罐的肉就是鴨肉和鴨肝，沒有第三種。,,,,怪獸部落 犬1肉主食罐 鴨肉 82g,https://petpetgo.com/product/23388,成分表的肉只有鴨肉、鴨肝兩項，整張成分表找不到雞。同系列的黑豬肉也沒有雞。標示 AAFCO 成幼犬。,貓咖寵物館,82g×24,1150,一箱 24 罐，規格選「清燉鴨肉*24」,https://s.shopee.tw/8V9G2Cv7SH?share_channel_code=6,,【 RBB ！】寵物生活館,82g,53,一頁多口味，規格選「清蒸鴨肉82G」,https://s.shopee.tw/30oIXLbJPY?share_channel_code=6,sold,【 RBB ！】寵物生活館,82g,53,一頁多口味，規格選「清蒸鴨肉82G」,https://s.shopee.tw/8AWPdawO8F?share_channel_code=6,sold,,,,,,,2026-09-27,2026-09-27,2026-09-27,,,,,,,,,,,,,,,,,,,,,,,,,,,,,,,,,,,,,,,,,,,,,,,,,,,,,,,,,,,,,,,,,,,,,,,,,,,,,,,,,,,,,,
dw-02,怪獸部落,犬2肉主食罐 羊雞肉,Y,15.8,8.9,0.3,2,71.3,2,0.1,0.44,1360,lamb|chicken,N,Y,none,N,puppy|adult,small|medium|large,0,0,0,165g,2026-09-27,你的狗對雞過敏。雞腿肉、雞胸肉、雞心肝三項，名字上就寫了。,,,,怪獸部落 犬2肉主食罐 羊雞肉 165g,https://petpetgo.com/product/23393,名字誠實，雞寫在標題上。第一項是澳洲草飼羊肉，接著才是雞。標示 AAFCO 成幼犬。,貓咖寵物館,82g×24,1150,一箱 24 罐，口味選「羊肉嫩雞*24」,https://s.shopee.tw/40gr3XOiwS?share_channel_code=6,,【 RBB ！】寵物生活館,82g,53,一頁多口味，規格選「羊肉佐嫩雞82G」,https://s.shopee.tw/4B0HFqO5bV?share_channel_code=6,sold,【 RBB ！】寵物生活館,165g,89,一頁多口味，規格選「羊肉佐嫩雞165G」,https://s.shopee.tw/4B0HFqO5bV?share_channel_code=6,sold,,,,,,,2026-09-27,2026-09-27,2026-09-27,,,,,,,,,,,,,,,,,,,,,,,,,,,,,,,,,,,,,,,,,,,,,,,,,,,,,,,,,,,,,,,,,,,,,,,,,,,,,,,,,,,,,,
dw-03,怪獸部落,犬2肉主食罐 鱉肉鱉蛋,Y,15.4,7.6,0.3,2,73,2,0.1,0.32,1240,chicken|fish,N,Y,none,N,puppy|adult,small|medium|large,0,0,0,165g,2026-09-27,你的狗對雞過敏。名字寫鱉肉鱉蛋，成分表第一項是雞肉，後面還有雞心肝。,,,,怪獸部落 犬2肉主食罐 鱉肉鱉蛋 165g,https://petpetgo.com/product/23394,鱉是狗很少吃到的肉，常被拿來換口味或做排除飲食，但這一罐第一項是雞肉，鱉排第二。另外還有鯉魚。鱉肉、鱉蛋、鯉魚我們沒有另外開分類，要避開這幾種請直接看成分表。標示 AAFCO 成幼犬。,貓咖寵物館,82g×24,1150,一箱 24 罐，口味選「鱉肉鱉蛋*24」,https://s.shopee.tw/3g40fLFLwY?share_channel_code=6,,【 RBB ！】寵物生活館,82g,53,一頁多口味，規格選「鱉肉與鱉蛋82G」,https://s.shopee.tw/3qNQreEibb?share_channel_code=6,sold,,,,,,,,,,,,,2026-09-27,2026-09-27,,,,,,,,,,,,,,,,,,,,,,,,,,,,,,,,,,,,,,,,,,,,,,,,,,,,,,,,,,,,,,,,,,,,,,,,,,,,,,,,,,,,,,,
dw-04,狗狗說,犬用主食罐 紫罐 鮮雞燉羊＋山藥,Y,11.2,8.2,0.1,1.2,76.5,,,0.24,,chicken|lamb,N,Y,none,N,adult,small|medium|large,0,0,0,165g,2026-09-20,你的狗對雞過敏。第一項是新鮮雞肉，第二項是熬煮雞湯，後面還有雞肝、雞油、雞心。,,,1,狗狗說 犬用主食罐 紫罐 鮮雞燉羊 山藥 165g,https://petpetgo.com/product/34197,品牌沒有公布代謝能，所以這一款一天要幾罐我們算不出來，那一欄是空的。碳水是我們用減法算的，不是品牌公布的。成分裡有蒟蒻粉。標示沒寫適用年齡，我們先當成成犬。,,,,,,,,,,,,,,,,,,,,,,,,,,,,,,,,,,,,,,,,,,,,,,,,,,,,,,,,,,,,,,,,,,,,,,,,,,,,,,,,,,,,,,,,,,,,,,,,,,,,,,,,,,,,,,,,,
dw-05,狗狗說,犬用主食罐 藍罐 四種鮮魚＋鷹嘴豆,Y,13.4,4.6,0.1,2.1,76.3,,,0.17,,fish|chicken,N,Y,high,N,adult,small|medium|large,0,0,0,165g,2026-09-27,你的狗對雞過敏。名字寫四種鮮魚，成分表裡有雞肝、雞油、雞心三項。,,,,狗狗說 犬用主食罐 藍罐 四種鮮魚 鷹嘴豆 165g,https://petpetgo.com/product/34301,四種魚是鮪魚、鬼頭刀魚、旗魚、鰹魚，排在最前面沒錯。但雞肝、雞油、雞心也都在成分表裡，名字上一個字都沒提。鷹嘴豆是豆類。品牌沒有公布代謝能。標示沒寫適用年齡，我們先當成成犬。,熊熊寵物用品生活館,165g,68,一頁多口味，品項選「藍罐-四種鮮魚×鷹嘴豆165g」，規格選「現貨」,https://s.shopee.tw/2Vs2wlGHLl?share_channel_code=6,,,,,,,,,,,,,,,,,,,,2026-09-27,,,,,,,,,,,,,,,,,,,,,,,,,,,,,,,,,,,,,,,,,,,,,,,,,,,,,,,,,,,,,,,,,,,,,,,,,,,,,,,,,,,,,,,,
dw-06,陪心寵糧,SUPER小白主食罐 雞魚＋野莓,Y,11,4,0.5,2,82,,,0.19,1000,chicken|fish,N,Y,none,N,all,small|medium|large,0,0,0,80g,2026-09-20,你的狗對雞過敏。第一項是雞肉，後面還有雞肝、雞油、雞心。,,,1,陪心寵糧 SUPER小白主食罐 雞魚 野莓 80g,https://petpetgo.com/product/25717,標的是最低值和最高值，不是實測：蛋白質 11% 是最少、水分 82% 是最多。魚的部分是白身鮪魚。成分裡有寒天與蒟蒻。,,,,,,,,,,,,,,,,,,,,,,,,,,,,,,,,,,,,,,,,,,,,,,,,,,,,,,,,,,,,,,,,,,,,,,,,,,,,,,,,,,,,,,,,,,,,,,,,,,,,,,,,,,,,,,,,,
dw-07,陪心寵糧,SUPER小白主食罐 雞鵪鶉＋黑木耳,Y,10,4,0.5,2,82.5,,,0.2,1000,chicken,N,Y,none,N,all,small|medium|large,0,0,0,80g,2026-09-27,你的狗對雞過敏。第一項是雞肉，後面還有雞肝、雞心、雞油。,,,,陪心寵糧 SUPER小白主食罐 雞鵪鶉 黑木耳 80g,https://petpetgo.com/product/25719,除了雞還有鵪鶉肉和鵪鶉蛋，鵪鶉我們沒有另外開分類，要避開禽類的請直接看成分表。標的是最低值和最高值，不是實測。成分裡有寒天與蒟蒻。,『㊆㊆犬貓館』,80g,41,"一頁多口味，規格選「雞鵪鶉 x 黑木耳,單罐」",https://s.shopee.tw/7ptZFaiJ6j?share_channel_code=6,,,,,,,,,,,,,,,,,,,,2026-09-27,,,,,,,,,,,,,,,,,,,,,,,,,,,,,,,,,,,,,,,,,,,,,,,,,,,,,,,,,,,,,,,,,,,,,,,,,,,,,,,,,,,,,,,,
dw-08,汪喵星球,犬用 Fantastic 95% 鮮肉主食罐 鹿肉,Y,15.8,9.1,0.5,2,71.1,2,0.12,0.35,1380,venison|chicken,N,Y,none,N,puppy|adult,small|medium|large,0,0,0,80g,2026-09-27,你的狗對雞過敏。名字寫鹿肉，成分表第二項就是雞肉，後面還有雞心肝、雞軟骨、雞蛋黃。,,,,汪喵星球 犬用 Fantastic 95% 鮮肉主食罐 鹿肉 80g,https://petpetgo.com/product/27741,紐西蘭放牧草飼鹿肉排第一，這是真的。但第二項開始是雞肉、雞心肝、雞軟骨、雞蛋黃，四項都是雞。鹿肉是稀有蛋白，要拿來排查過敏原的話這一罐不行。標示 AAFCO／NRC 成幼犬。,毛孩寵物鋪,80g,48,一頁多款，品項選「95%鮮肉罐放牧鹿」、規格選 80G,https://s.shopee.tw/LnYcOHnHV?share_channel_code=6,,汪喵星球官方商城,80g,49,一頁多口味，口味選「放牧鹿 80g」,https://s.shopee.tw/BU8Q5IQcU?share_channel_code=6,,汪喵星球官方商城,165g,75,一頁多口味，口味選「放牧鹿 165g」,https://s.shopee.tw/BU8Q5IQcU?share_channel_code=6,,熊熊寵物用品生活館,80g,40,一頁多口味，選項選「鹿肉(關節好骨力)」、規格選「小罐80g」,https://s.shopee.tw/1AiDmJ3xT?share_channel_code=6,sold,2026-09-27,2026-09-27,2026-09-27,2026-09-27,,,,,,,,,,,,,,,,,,,,,,,,,,,,,,,,,,,,,,,,,,,,,,,,,,,,,,,,,,,,,,,,,,,,,,,,,,,,,,,,,,,,,
dw-09,汪喵星球,熟齡犬銀養主食罐 燉羊肉,Y,15.8,7.9,5,2,72.3,2,0.2,0.35,1280,chicken|lamb,N,Y,none,N,senior,small|medium|large,0,0,0,80g,2026-09-27,你的狗對雞過敏。名字寫燉羊肉，成分表第一項是雞肉及雞肝，羊肉排第二。,,,,汪喵星球 熟齡犬銀養主食罐 燉羊肉 80g,https://petpetgo.com/product/27690,名字是燉羊肉，第一項卻是雞肉及雞肝。另外有鵪鶉蛋。品牌標的纖維是 5%，跟同系列其他口味的 0.5% 差了十倍，我們照品牌公布的數字登記，但這個數字看起來不對，不要拿它來比較。標示是熟齡犬（5 到 7 歲以上）。,毛孩寵物鋪,80g,49,一頁多款，品項選「熟齡銀養罐滋補羊肉」、規格選 80G,https://s.shopee.tw/BU7AQ98TG?share_channel_code=6,,,,,,,,,,,,,,,,,,,,2026-09-27,,,,,,,,,,,,,,,,,,,,,,,,,,,,,,,,,,,,,,,,,,,,,,,,,,,,,,,,,,,,,,,,,,,,,,,,,,,,,,,,,,,,,,,,
dw-10,汪喵星球,幼母犬營養主食罐 雞肉,Y,16,8,0.5,2,72,2,0.2,0.35,1290,chicken,Y,Y,none,N,puppy,small|medium|large,0,0,0,165g,2026-09-27,你的狗對雞過敏。整罐的肉就是雞肉、雞肝、雞蛋黃。,,,,汪喵星球 幼母犬營養主食罐 雞肉 165g,https://petpetgo.com/product/26373,肉的部分只有雞，名字也寫了雞。這一款標的是幼犬跟懷孕哺乳的母犬，成犬吃的話熱量偏高。,毛孩寵物鋪,80g,47,一頁多款，品項選「幼母犬營養罐鮮嫩雞肉」、規格選 80G,https://s.shopee.tw/8KpouD7k0G?share_channel_code=6,,汪喵星球官方商城,165g,78,規格選「鮮嫩雞肉 165g」,https://s.shopee.tw/2BFBYsVDW3?share_channel_code=6,,汪喵星球官方商城,80g,48,規格選「鮮嫩雞肉 80g」,https://s.shopee.tw/2BFBYsVDW3?share_channel_code=6,,,,,,,,2026-09-27,2026-09-27,2026-09-27,,,,,,,,,,,,,,,,,,,,,,,,,,,,,,,,,,,,,,,,,,,,,,,,,,,,,,,,,,,,,,,,,,,,,,,,,,,,,,,,,,,,,,
dw-11,唯美味 WERUVA,狗狗主食罐 吮掌回味雞胸肉,Y,10,1.4,0.5,1.2,85,,,,,chicken,Y,Y,none,N,adult,small|medium|large,0,0,0,156g,2026-09-27,你的狗對雞過敏。第一項是去骨去皮雞胸肉，第二項是雞湯。,,,,唯美味 WERUVA 狗狗主食罐 吮掌回味雞胸肉 156g,https://petpetgo.com/product/21493,脂肪最少 1.4%，是我們讀過的狗主食罐裡最低的；水分最多 85%。成分第三項是葵花籽油、第四項是馬鈴薯澱粉。品牌沒有公布代謝能。碳水是我們用減法算的。,Lazy Cat 悠懶貓（蝦皮商城）,156g,89,最少買 2 罐，不同口味可以混搭 · 一頁多口味，規格選「吮掌回味雞胸肉156g」,https://s.shopee.tw/40gqSAf84O?share_channel_code=6,,寵物迷 Petmily,156g,90,一頁多口味，規格選「吮掌回味雞胸肉156g」,https://s.shopee.tw/3g403YgOkI?share_channel_code=6,,Pamago帕瑪毛孩購物,156g,72,一頁多口味，規格選「吮回味雞胸肉156g」,https://s.shopee.tw/3VkZrFh25F?share_channel_code=6,,,,,,,,2026-09-27,2026-09-27,2026-09-27,,,,,,,,,,,,,,,,,,,,,,,,,,,,,,,,,,,,,,,,,,,,,,,,,,,,,,,,,,,,,,,,,,,,,,,,,,,,,,,,,,,,,,
dw-12,西莎,自然素材餐盒 健康野菜放牧雞,Y,5,3,1,,89,,,,,chicken|lamb,N,Y,none,N,adult,small|medium|large,0,0,0,85g,2026-09-20,你的狗對雞過敏。肉的部分寫的是「肉類及其副產品（雞，羊）」。,,,1,西莎 自然素材 健康野菜放牧雞 85g,https://petpetgo.com/product/33175,成分表第一項是水。肉寫的是「肉類及其副產品（雞，羊）」，沒有寫是哪個部位。蛋白質不低於 5%，是我們讀過的狗主食罐裡最低的；最高的那一款是 16.2%。包裝上標「100% 營養完整均衡」，也標了餵食量：5 公斤的狗一天 5 又 1/3 盒。品牌沒有公布灰分，所以碳水我們算不出來，也沒有公布代謝能。,,,,,,,,,,,,,,,,,,,,,,,,,,,,,,,,,,,,,,,,,,,,,,,,,,,,,,,,,,,,,,,,,,,,,,,,,,,,,,,,,,,,,,,,,,,,,,,,,,,,,,,,,,,,,,,,,
dw-13,怪獸部落,犬1肉主食罐 黑豬肉,Y,16,8.5,0.3,2,71.5,,0.1,,1340,pork,Y,Y,none,N,puppy|adult,small|medium|large,0,0,0,82g,2026-09-27,你的狗對豬肉過敏。整罐的肉只有黑豬肉一種。,,,,怪獸部落 犬1肉主食罐 黑豬肉 82g,https://petpetgo.com/product/23387,成分表的肉只有黑豬肉一種，找不到雞，跟同系列的鴨肉一樣適合對雞過敏的狗。販售頁把碳水化合物寫成 52%，但其他數字加起來只剩不到 2%，應該是打錯，我們用算的。磷沒有標。標示 AAFCO 成幼犬。,貓咖寵物館,82g×24,1080,一箱 24 罐，規格選「神農黑豬肉*24」,https://s.shopee.tw/6q125cx4Ts?share_channel_code=6,,【 RBB ！】寵物生活館,82g,53,一頁多口味，規格選「神農黑豬肉82G」,https://s.shopee.tw/70KSHvwR8x?share_channel_code=6,sold,,,,,,,,,,,,,2026-09-27,2026-09-27,,,,,,,,,,,,,,,,,,,,,,,,,,,,,,,,,,,,,,,,,,,,,,,,,,,,,,,,,,,,,,,,,,,,,,,,,,,,,,,,,,,,,,,
dw-14,汪喵星球,犬用 Fantastic 95% 鮮肉主食罐 草飼牛肉,Y,15.5,9.5,0.5,2,71,2,0.1,0.35,1400,beef|chicken,N,Y,none,N,adult,small|medium|large,0,0,0,80g,2026-09-27,你的狗對雞過敏。名字寫牛肉，成分表第二項就是雞肉，後面還有雞心、雞軟骨、雞蛋黃。,,,1,汪喵星球 犬用 Fantastic 95% 鮮肉主食罐 草飼牛肉 80g,https://petpetgo.com/product/27720,紐西蘭草飼牛肉排第一，但第二項開始是雞肉、雞心、雞軟骨、雞蛋黃，名字上一個字都沒提。營養分析是毛孩市集 165g 那一頁讀的。販售頁沒寫適用年齡，我們先當成成犬。,,,,,,,,,,,,,,,,,,,,,,,,,,,,,,,,,,,,,,,,,,,,,,,,,,,,,,,,,,,,,,,,,,,,,,,,,,,,,,,,,,,,,,,,,,,,,,,,,,,,,,,,,,,,,,,,,
dw-15,汪喵星球,犬用 Fantastic 95% 鮮肉主食罐 田園火雞,Y,16.1,8.4,0.5,2,71.5,2,0.1,0.34,1330,turkey|chicken,N,Y,none,N,adult,small|medium|large,0,0,0,80g,2026-09-27,你的狗對雞過敏。名字寫火雞，成分表第二項開始是雞心肝、雞軟骨、雞蛋黃。,,,1,汪喵星球 犬用 Fantastic 95% 鮮肉主食罐 田園火雞 80g,https://petpetgo.com/product/27717,火雞肉排第一。火雞跟雞是不同的肉，但這一罐第二項開始是雞心肝、雞軟骨、雞蛋黃，不是只有火雞。營養分析是毛孩市集 165g 那一頁讀的。販售頁沒寫適用年齡，我們先當成成犬。,,,,,,,,,,,,,,,,,,,,,,,,,,,,,,,,,,,,,,,,,,,,,,,,,,,,,,,,,,,,,,,,,,,,,,,,,,,,,,,,,,,,,,,,,,,,,,,,,,,,,,,,,,,,,,,,,
dw-16,汪喵星球,犬用 Fantastic 95% 鮮肉主食罐 鱉蛋雞肉,Y,15.7,8.7,0.5,2,71.6,2,0.15,0.34,1340,chicken,N,Y,none,N,adult,small|medium|large,0,0,0,80g,2026-09-27,你的狗對雞過敏。第一項就是雞肉，名字也寫了。,,,,汪喵星球 犬用 Fantastic 95% 鮮肉主食罐 鱉蛋雞肉 80g,https://petpetgo.com/product/27705,名字誠實，雞寫在標題上：雞肉、雞心肝、雞軟骨排前三項，鱉蛋排第四。販售頁沒寫適用年齡，我們先當成成犬。,汪喵星球官方商城,80g,46,一頁多口味，口味選「鱉蛋雞肉 80g」,https://s.shopee.tw/6L4lmuvKgO?share_channel_code=6,,汪喵星球官方商城,165g,72,一頁多口味，口味選「鱉蛋雞肉 165g」,https://s.shopee.tw/6L4lmuvKgO?share_channel_code=6,,毛孩寵物鋪,80g,45,一頁多款，品項選「95%鮮肉罐鱉蛋雞肉」、規格選 80G,https://s.shopee.tw/6VOBzDuhLR?share_channel_code=6,,熊熊寵物用品生活館,80g,40,一頁多口味，選項選「雞肉鱉蛋(毛髮好亮麗)」、規格選「小罐80g」,https://s.shopee.tw/60RvOIwbMM?share_channel_code=6,sold,2026-09-27,2026-09-27,2026-09-27,2026-09-27,,,,,,,,,,,,,,,,,,,,,,,,,,,,,,,,,,,,,,,,,,,,,,,,,,,,,,,,,,,,,,,,,,,,,,,,,,,,,,,,,,,,,
